yago	http://dbpedia.org/class/yago/
rdf	http://www.w3.org/1999/02/22-rdf-syntax-ns#
foaf	http://xmlns.com/foaf/0.1/
dbp	http://dbpedia.org/property/
owl	http://www.w3.org/2002/07/owl#
dc	http://purl.org/dc/elements/1.1/
rdfs	http://www.w3.org/2000/01/rdf-schema#
dbo	http://dbpedia.org/ontology/
rss	http://purl.org/rss/1.0/
sc	http://umbel.org/umbel/sc/
fb	http://rdf.freebase.com/ns/
geonames	http://www.geonames.org/ontology#
skos	http://www.w3.org/2004/02/skos/core#
geo	http://www.w3.org/2003/01/geo/wgs84_pos#
sioc	http://rdfs.org/sioc/ns#
cyc	http://sw.opencyc.org/concept/
gr	http://purl.org/goodrelations/v1#
akt	http://www.aktors.org/ontology/portal#
dbpedia	http://dbpedia.org/resource/
xsd	http://www.w3.org/2001/XMLSchema#
dcterms	http://purl.org/dc/terms/
admin	http://webns.net/mvcb/
swrc	http://swrc.ontoware.org/ontology#
dbpprop	http://dbpedia.org/property/
commerce	http://search.yahoo.com/searchmonkey/commerce/
dct	http://purl.org/dc/terms/
content	http://purl.org/rss/1.0/modules/content/
gldp	http://www.w3.org/ns/people#
doap	http://usefulinc.com/ns/doap#
xhtml	http://www.w3.org/1999/xhtml#
void	http://rdfs.org/ns/void#
vcard	http://www.w3.org/2006/vcard/ns#
dc11	http://purl.org/dc/elements/1.1/
gen	http://www.w3.org/2006/gen/ont#
org	http://www.w3.org/ns/org#
bill	http://www.rdfabout.com/rdf/schema/usbill/
wot	http://xmlns.com/wot/0.1/
qb	http://purl.org/linked-data/cube#
test2	http://this.invalid/test2#
nie	http://www.semanticdesktop.org/ontologies/2007/01/19/nie#
d2rq	http://www.wiwiss.fu-berlin.de/suhl/bizer/D2RQ/0.1#
bibo	http://purl.org/ontology/bibo/
http	http://www.w3.org/2006/http#
rel	http://purl.org/vocab/relationship/
og	http://opengraphprotocol.org/schema/
factbook	http://www4.wiwiss.fu-berlin.de/factbook/ns#
vann	http://purl.org/vocab/vann/
drugbank	http://www4.wiwiss.fu-berlin.de/drugbank/resource/drugbank/
mo	http://purl.org/ontology/mo/
dcmit	http://purl.org/dc/dcmitype/
cc	http://creativecommons.org/ns#
media	http://search.yahoo.com/searchmonkey/media/
ex	http://example.com/
bio	http://purl.org/vocab/bio/0.1/
aiiso	http://purl.org/vocab/aiiso/schema#
book	http://purl.org/NET/book/vocab#
earl	http://www.w3.org/ns/earl#
reco	http://purl.org/reco#
cld	http://purl.org/cld/terms/
dv	http://rdf.data-vocabulary.org/#
cv	http://purl.org/captsolo/resume-rdf/0.2/cv#
air	http://dig.csail.mit.edu/TAMI/2007/amord/air#
musim	http://purl.org/ontology/similarity/
dcq	http://purl.org/dc/terms/
event	http://purl.org/NET/c4dm/event.owl#
ical	http://www.w3.org/2002/12/cal/ical#
tag	http://www.holygoat.co.uk/owl/redwood/0.1/tags/
xfn	http://vocab.sindice.com/xfn#
swc	http://data.semanticweb.org/ns/swc/ontology#
rev	http://purl.org/stuff/rev#
botany	http://purl.org/NET/biol/botany#
biblio	http://purl.org/net/biblio#
osag	http://www.ordnancesurvey.co.uk/ontology/AdministrativeGeography/v2.0/AdministrativeGeography.rdf#
ad	http://schemas.talis.com/2005/address/schema#
dir	http://schemas.talis.com/2005/dir/schema#
log	http://www.w3.org/2000/10/swap/log#
days	http://ontologi.es/days#
owlim	http://www.ontotext.com/trree/owlim#
rdfg	http://www.w3.org/2004/03/trix/rdfg-1/
sism	http://purl.oclc.org/NET/sism/0.1/
sd	http://www.w3.org/ns/sparql-service-description#
mu	http://www.kanzaki.com/ns/music#
afn	http://jena.hpl.hp.com/ARQ/function#
memo	http://ontologies.smile.deri.ie/2009/02/27/memo#
cfp	http://sw.deri.org/2005/08/conf/cfp.owl#
fn	http://www.w3.org/2005/xpath-functions#
ctag	http://commontag.org/ns#
cs	http://purl.org/vocab/changeset/schema#
xhv	http://www.w3.org/1999/xhtml/vocab#
ome	http://purl.org/ontomedia/core/expression#
af	http://purl.org/ontology/af/
xf	http://www.w3.org/2002/xforms/
cal	http://www.w3.org/2002/12/cal/ical#
xs	http://www.w3.org/2001/XMLSchema#
cmp	http://www.ontologydesignpatterns.org/cp/owl/componency.owl#
co	http://purl.org/ontology/co/core#
ok	http://okkam.org/terms#
swanq	http://purl.org/swan/1.2/qualifiers/
giving	http://ontologi.es/giving#
sider	http://www4.wiwiss.fu-berlin.de/sider/resource/sider/
dbr	http://dbpedia.org/resource/
lomvoc	http://ltsc.ieee.org/rdf/lomv1p0/vocabulary#
wn20schema	http://www.w3.org/2006/03/wn/wn20/schema/
dcn	http://www.w3.org/2007/uwa/context/deliverycontext.owl#
ir	http://www.ontologydesignpatterns.org/cp/owl/informationrealization.owl#
rif	http://www.w3.org/2007/rif#
math	http://www.w3.org/2000/10/swap/math#
swande	http://purl.org/swan/1.2/discourse-elements/
myspace	http://purl.org/ontology/myspace#
sr	http://www.openrdf.org/config/repository/sail#
daia	http://purl.org/ontology/daia/
jdbc	http://d2rq.org/terms/jdbc/
tzont	http://www.w3.org/2006/timezone#
con	http://www.w3.org/2000/10/swap/pim/contact#
cert	http://www.w3.org/ns/auth/cert#
movie	http://data.linkedmdb.org/resource/movie/
nfo	http://www.semanticdesktop.org/ontologies/2007/03/22/nfo#
ac	http://umbel.org/umbel/ac/
pto	http://www.productontology.org/id/
po	http://purl.org/ontology/po/
akts	http://www.aktors.org/ontology/support#
oo	http://purl.org/openorg/
uniprot	http://purl.uniprot.org/core/
rsa	http://www.w3.org/ns/auth/rsa#
sioct	http://rdfs.org/sioc/types#
ov	http://open.vocab.org/terms/
daml	http://www.daml.org/2001/03/daml+oil#
frbr	http://purl.org/vocab/frbr/core#
wo	http://purl.org/ontology/wo/
granatum	http://chem.deri.ie/granatum/
pmlj	http://inference-web.org/2.0/pml-justification.owl#
usgov	http://www.rdfabout.com/rdf/schema/usgovt/
prv	http://purl.org/net/provenance/ns#
politico	http://www.rdfabout.com/rdf/schema/politico/
oauth	http://demiblog.org/vocab/oauth#
wn	http://xmlns.com/wordnet/1.6/
taxo	http://purl.org/rss/1.0/modules/taxonomy/
dcat	http://www.w3.org/ns/dcat#
lfm	http://purl.org/ontology/last-fm/
scovo	http://purl.org/NET/scovo#
vote	http://www.rdfabout.com/rdf/schema/vote/
mit	http://purl.org/ontology/mo/mit#
irrl	http://www.ontologydesignpatterns.org/cp/owl/informationobjectsandrepresentationlanguages.owl#
wdrs	http://www.w3.org/2007/05/powder-s#
doac	http://ramonantonio.net/doac/0.1/#
lgd	http://linkedgeodata.org/ontology/
omt	http://purl.org/ontomedia/ext/common/trait#
vs	http://www.w3.org/2003/06/sw-vocab-status/ns#
affy	http://www.affymetrix.com/community/publications/affymetrix/tmsplice#
rep	http://www.openrdf.org/config/repository#
nao	http://www.semanticdesktop.org/ontologies/2007/08/15/nao#
scot	http://scot-project.org/scot/ns#
acm	http://www.semanticweb.org/ontologies/2012/acm.owl#
spc	http://purl.org/ontomedia/core/space#
lastfm	http://purl.org/ontology/last-fm/
abc	http://www.metadata.net/harmony/ABCSchemaV5Commented.rdf#
money	http://purl.org/net/rdf-money/
spacerel	http://data.ordnancesurvey.co.uk/ontology/spatialrelations/
user	http://schemas.talis.com/2005/user/schema#
ore	http://www.openarchives.org/ore/terms/
atomix	http://buzzword.org.uk/rdf/atomix#
fec	http://www.rdfabout.com/rdf/schema/usfec/
loc	http://www.w3.org/2007/uwa/context/location.owl#
coref	http://www.rkbexplorer.com/ontologies/coref#
skosxl	http://www.w3.org/2008/05/skos-xl#
lode	http://linkedevents.org/ontology/
resex	http://resex.rkbexplorer.com/ontologies/resex#
code	http://telegraphis.net/ontology/measurement/code#
swrl	http://www.w3.org/2003/11/swrl#
ti	http://www.ontologydesignpatterns.org/cp/owl/timeinterval.owl#
lotico	http://www.lotico.com/resource/
ya	http://blogs.yandex.ru/schema/foaf/
wordmap	http://purl.org/net/ns/wordmap#
audio	http://purl.org/media/audio#
rei	http://www.w3.org/2004/06/rei#
sede	http://eventography.org/sede/0.1/
bio2rdf	http://bio2rdf.org/
video	http://purl.org/media/video#
powder	http://www.w3.org/2007/05/powder#
ecs	http://rdf.ecs.soton.ac.uk/ontology/ecs#
dctype	http://purl.org/dc/dcmitype/
zoology	http://purl.org/NET/biol/zoology#
meta	http://www.openrdf.org/rdf/2009/metadata#
sv	http://schemas.talis.com/2005/service/schema#
wdr	http://www.w3.org/2007/05/powder#
imm	http://schemas.microsoft.com/imm/
kwijibo	http://kwijibo.talis.com/
protege	http://protege.stanford.edu/system#
omb	http://purl.org/ontomedia/ext/common/being#
courseware	http://courseware.rkbexplorer.com/ontologies/courseware#
chord	http://purl.org/ontology/chord/
lang	http://ontologi.es/lang/core#
nco	http://www.semanticdesktop.org/ontologies/2007/03/22/nco#
swrlb	http://www.w3.org/2003/11/swrlb#
rec	http://purl.org/ontology/rec/core#
airport	http://www.daml.org/2001/10/html/airport-ont#
p3p	http://www.w3.org/2002/01/p3prdfv1#
lx	http://purl.org/NET/lx#
omp	http://purl.org/ontomedia/ext/common/profession#
omc	http://purl.org/ontomedia/ext/common/bestiary#
myspo	http://purl.org/ontology/myspace#
os	http://www.w3.org/2000/10/swap/os#
dcam	http://purl.org/dc/dcam/
sit	http://www.ontologydesignpatterns.org/cp/owl/situation.owl#
irw	http://www.ontologydesignpatterns.org/ont/web/irw.owl#
eztag	http://ontologies.ezweb.morfeo-project.org/eztag/ns#
spin	http://spinrdf.org/spin#
es	http://eulersharp.sourceforge.net/2003/03swap/log-rules#
iswc	http://annotation.semanticweb.org/2004/iswc#
hard	http://www.w3.org/2007/uwa/context/hardware.owl#
atom	http://www.w3.org/2005/Atom/
java	http://www.w3.org/2007/uwa/context/java.owl#
dailymed	http://www4.wiwiss.fu-berlin.de/dailymed/resource/dailymed/
umbel	http://umbel.org/umbel#
osoc	http://web-semantics.org/ns/opensocial#
fresnel	http://www.w3.org/2004/09/fresnel#
unit	http://qudt.org/vocab/unit#
custom	http://www.openrdf.org/config/sail/custom#
sail	http://www.openrdf.org/config/sail#
smiley	http://www.smileyontology.com/ns#
lom	http://ltsc.ieee.org/rdf/lomv1p0/lom#
doc	http://www.w3.org/2000/10/swap/pim/doc#
contact	http://www.w3.org/2000/10/swap/pim/contact#
acc	http://purl.org/NET/acc#
ne	http://umbel.org/umbel/ne/
doclist	http://www.junkwork.net/xml/DocumentList#
link	http://www.w3.org/2006/link#
lingvoj	http://www.lingvoj.org/ontology#
nrl	http://www.semanticdesktop.org/ontologies/2007/08/15/nrl#
ptr	http://www.w3.org/2009/pointers#
music	http://musicontology.com/
hlisting	http://sindice.com/hlisting/0.1/
osgb	http://data.ordnancesurvey.co.uk/id/
wnschema	http://www.cogsci.princeton.edu/~wn/schema/
tl	http://purl.org/NET/c4dm/timeline.owl#
test	http://test2.example.com/
spl	http://spinrdf.org/spl#
meetup	http://www.lotico.com/meetup/
ibis	http://purl.org/ibis#
prj	http://purl.org/stuff/project/
h5	http://buzzword.org.uk/rdf/h5#
ping	http://purl.org/net/pingback/
time	http://www.w3.org/2006/time#
wv	http://vocab.org/waiver/terms/
exif	http://www.w3.org/2003/12/exif/ns#
sp	http://spinrdf.org/sp#
acl	http://www.w3.org/ns/auth/acl#
sml	http://topbraid.org/sparqlmotionlib#
lifecycle	http://purl.org/vocab/lifecycle/schema#
space	http://purl.org/net/schemas/space/
tdb	http://jena.hpl.hp.com/2008/tdb#
ncal	http://www.semanticdesktop.org/ontologies/2007/04/02/ncal#
formats	http://www.w3.org/ns/formats/
resist	http://www.rkbexplorer.com/ontologies/resist#
list	http://www.w3.org/2000/10/swap/list#
net	http://www.w3.org/2007/uwa/context/network.owl#
phss	http://ns.poundhill.com/phss/1.0/
omm	http://purl.org/ontomedia/core/media#
sdl	http://purl.org/vocab/riro/sdl#
sm	http://topbraid.org/sparqlmotion#
lfn	http://www.dotnetrdf.org/leviathan#
xen	http://buzzword.org.uk/rdf/xen#
xhe	http://buzzword.org.uk/rdf/xhtml-elements#
biol	http://purl.org/NET/biol/ns#
moat	http://moat-project.org/ns#
qdoslf	http://foaf.qdos.com/lastfm/schema/
swp	http://www.w3.org/2004/03/trix/swp-2/
tmo	http://www.semanticdesktop.org/ontologies/2008/05/20/tmo#
nmo	http://www.semanticdesktop.org/ontologies/2007/03/22/nmo#
swanqs	http://purl.org/swan/1.2/qualifiers/
trackback	http://madskills.com/public/xml/rss/module/trackback/
common	http://www.w3.org/2007/uwa/context/common.owl#
label	http://purl.org/net/vocab/2004/03/label#
pr	http://ontologi.es/profiling#
dcmitype	http://purl.org/dc/dcmitype/
smf	http://topbraid.org/sparqlmotionfunctions#
pmlp	http://inference-web.org/2.0/pml-provenance.owl#
oat	http://openlinksw.com/schemas/oat/
pc	http://purl.org/procurement/public-contracts#
dbpediaowl	http://dbpedia.org/ontology/
tags	http://www.holygoat.co.uk/owl/redwood/0.1/tags/
nexif	http://www.semanticdesktop.org/ontologies/2007/05/10/nexif#
swandr	http://purl.org/swan/1.2/discourse-relationships/
product	http://purl.org/commerce/product#
so	http://purl.org/ontology/symbolic-music/
gold	http://purl.org/linguistics/gold/
climb	http://climb.dataincubator.org/vocabs/climb/
ire	http://www.ontologydesignpatterns.org/cpont/ire.owl#
fed	http://www.openrdf.org/config/sail/federation#
lt	http://diplomski.nelakolundzija.org/LTontology.rdf#
web	http://www.w3.org/2007/uwa/context/web.owl#
gpt	http://purl.org/vocab/riro/gpt#
opensearch	http://a9.com/-/spec/opensearch/1.1/
sim	http://purl.org/ontology/similarity/
sesame	http://www.openrdf.org/schema/sesame#
pmt	http://tipsy.googlecode.com/svn/trunk/vocab/pmt#
swh	http://plugin.org.uk/swh-plugins/
bsbm	http://www4.wiwiss.fu-berlin.de/bizer/bsbm/v01/vocabulary/
cycann	http://sw.cyc.com/CycAnnotations_v1#
wisski	http://wiss-ki.eu/
opm	http://openprovenance.org/ontology#
biocore	http://bio2rdf.org/core:
soft	http://www.w3.org/2007/uwa/context/software.owl#
imreg	http://www.w3.org/2004/02/image-regions#
like	http://ontologi.es/like#
nid3	http://www.semanticdesktop.org/ontologies/2007/05/10/nid3#
ddc	http://purl.org/NET/decimalised#
dummy	http://hello.com/
frbre	http://purl.org/vocab/frbr/extended#
wgs84	http://www.w3.org/2003/01/geo/wgs84_pos#
xesam	http://freedesktop.org/standards/xesam/1.0/core#
gob	http://purl.org/ontology/last-fm/
crypto	http://www.w3.org/2000/10/swap/crypto#
grddl	http://www.w3.org/2003/g/data-view#
states	http://www.w3.org/2005/07/aaa#
conserv	http://conserv.deri.ie/ontology#
ddl	http://purl.org/vocab/riro/ddl#
rdfa	http://www.w3.org/ns/rdfa#
am	http://vocab.deri.ie/am#
obj	http://www.openrdf.org/rdf/2009/object#
xl	http://langegger.at/xlwrap/vocab#
resource	http://purl.org/vocab/resourcelist/schema#
push	http://www.w3.org/2007/uwa/context/push.owl#
swanag	http://purl.org/swan/1.2/agents/
mysql	http://web-semantics.org/ns/mysql/
xforms	http://www.w3.org/2002/xforms/
pmlr	http://inference-web.org/2.0/pml-relation.owl#
mf	http://poshrdf.org/ns/mf#
sl	http://www.semanlink.net/2001/00/semanlink-schema#
dcterm	http://purl.org/dc/terms/
urn	http://fliqz.com/
psych	http://purl.org/vocab/psychometric-profile/
xhtmlvocab	http://www.w3.org/1999/xhtml/vocab/
play	http://uriplay.org/spec/ontology/#
sysont	http://ns.ontowiki.net/SysOnt/
pimo	http://www.semanticdesktop.org/ontologies/2007/11/01/pimo#
evset	http://dsnotify.org/vocab/eventset/0.1/
dady	http://purl.org/NET/dady#
string	http://www.w3.org/2000/10/swap/string#
profiling	http://ontologi.es/profiling#
puc	http://purl.org/NET/puc#
c4n	http://vocab.deri.ie/c4n#
cnt	http://www.w3.org/2008/content#
plink	http://buzzword.org.uk/rdf/personal-link-types#
uri	http://purl.org/NET/uri#
geographis	http://telegraphis.net/ontology/geography/geography#
wgs	http://www.w3.org/2003/01/geo/wgs84_pos#
bib	http://zeitkunst.org/bibtex/0.1/bibtex.owl#
coin	http://purl.org/court/def/2009/coin#
scv	http://purl.org/NET/scovo#
swivt	http://semantic-mediawiki.org/swivt/1.0#
wairole	http://www.w3.org/2005/01/wai-rdf/GUIRoleTaxonomy#
bibtex	http://purl.oclc.org/NET/nknouf/ns/bibtex#
okkam	http://models.okkam.org/ENS-core-vocabulary#
prov	http://www.w3.org/ns/prov#
ttl	http://www.w3.org/2008/turtle#
swanpav	http://purl.org/swan/1.2/pav/
tripfs	http://purl.org/tripfs/2010/02#
swanco	http://purl.org/swan/1.2/swan-commons/
game	http://data.totl.net/game/
swanci	http://purl.org/swan/1.2/citations/
ref	http://purl.org/vocab/relationship/
status	http://ontologi.es/status#
compass	http://purl.org/net/compass#
cco	http://purl.org/ontology/cco/core#
dbpp	http://dbpedia.org/property/
opo	http://online-presence.net/opo/ns#
isq	http://purl.org/ontology/is/quality/
awol	http://bblfish.net/work/atom-owl/2006-06-06/#
evopat	http://ns.aksw.org/Evolution/
ezcontext	http://ontologies.ezweb.morfeo-project.org/ezcontext/ns#
oc	http://opencoinage.org/rdf/
ldap	http://purl.org/net/ldap/
txn	http://lod.taxonconcept.org/ontology/txn.owl#
olo	http://purl.org/ontology/olo/core#
rooms	http://vocab.deri.ie/rooms#
timeline	http://purl.org/NET/c4dm/timeline.owl#
meteo	http://purl.org/ns/meteo#
lark1	http://users.utcluj.ro/~raluca/ontology/Ontology1279614123500.owl#
sparql	http://www.openrdf.org/config/repository/sparql#
isi	http://purl.org/ontology/is/inst/
wlp	http://weblab-project.org/core/model/property/processing/
tarot	http://data.totl.net/tarot/card/
ist	http://purl.org/ontology/is/types/
anca	http://users.utcluj.ro/~raluca/rdf_ontologies_ralu/ralu_modified_ontology_pizzas2_0#
ct	http://data.linkedct.org/resource/linkedct/
aifb	http://www.aifb.kit.edu/id/
pmlt	http://inference-web.org/2.0/pml-trust.owl#
kb	http://deductions.sf.net/ontology/knowledge_base.owl#
whois	http://www.kanzaki.com/ns/whois#
prot	http://www.proteinontology.info/po.owl#
dayta	http://dayta.me/resource#
swid	http://semanticweb.org/id/
xbrli	http://www.xbrl.org/2003/instance#
sdmx	http://purl.org/linked-data/sdmx#
ufmedia	http://purl.org/microformat/hmedia/
opmv	http://purl.org/net/opmv/ns#
wgspos	http://www.w3.org/2003/01/geo/wgs84_pos#
copyright	http://rhizomik.net/ontologies/2008/05/copyrightonto.owl#
remus	http://www.semanticweb.org/ontologies/2010/6/Ontology1279614123500.owl#
xtypes	http://purl.org/xtypes/
freebase	http://rdf.freebase.com/ns/
sawsdl	http://www.w3.org/ns/sawsdl#
geoes	http://geo.linkeddata.es/resource/
cos	http://www.inria.fr/acacia/corese#
dnr	http://www.dotnetrdf.org/configuration#
rulz	http://purl.org/NET/rulz#
postcode	http://data.ordnancesurvey.co.uk/id/postcodeunit/
ean	http://openean.kaufkauf.net/id/
pdo	http://ontologies.smile.deri.ie/pdo#
hcterms	http://purl.org/uF/hCard/terms/
eu	http://eulersharp.sourceforge.net/2003/03swap/log-rules#
sioca	http://rdfs.org/sioc/actions#
act	http://www.w3.org/2007/rif-builtin-action#
room	http://vocab.deri.ie/rooms#
opus	http://lsdis.cs.uga.edu/projects/semdis/opus#
geospecies	http://rdf.geospecies.org/ont/geospecies#
nsa	http://multimedialab.elis.ugent.be/organon/ontologies/ninsuna#
loticoowl	http://www.lotico.com/ontology/
is	http://purl.org/ontology/is/core#
gridworks	http://purl.org/net/opmv/types/gridworks#
search	http://sindice.com/vocab/search#
dgfoaf	http://west.uni-koblenz.de/ontologies/2010/07/dgfoaf.owl#
ao	http://purl.org/ontology/ao/core#
conv	http://purl.org/twc/vocab/conversion/
go	http://www.geneontology.org/go#
derecho	http://purl.org/derecho#
languages	http://eulersharp.sourceforge.net/2003/03swap/languages#
pgterms	http://www.gutenberg.org/2009/pgterms/
yoda	http://purl.org/NET/yoda#
dblp	http://www4.wiwiss.fu-berlin.de/dblp/terms.rdf#
gv	http://rdf.data-vocabulary.org/#
posh	http://poshrdf.org/ns/posh/
bookmark	http://www.w3.org/2002/01/bookmark#
countries	http://eulersharp.sourceforge.net/2003/03swap/countries#
linkedct	http://data.linkedct.org/vocab/
session	http://redfoot.net/2005/session#
core	http://vivoweb.org/ontology/core#
com	http://purl.org/commerce#
nt	http://ns.inria.fr/nicetag/2010/09/09/voc#
eg	http://eulergui.sourceforge.net/engine.owl#
organism	http://eulersharp.sourceforge.net/2003/03swap/organism#
commons	http://commons.psi.enakting.org/def/
crm	http://erlangen-crm.org/current/
ma	http://www.w3.org/ns/ma-ont#
drug	http://www.agfa.com/w3c/2009/drugTherapy#
tripfs2	http://purl.org/tripfs/2010/06#
httph	http://www.w3.org/2007/ont/httph#
protons	http://proton.semanticweb.org/2005/04/protons#
rail	http://ontologi.es/rail/vocab#
wordnet	http://purl.org/vocabularies/princeton/wordnet/schema#
gn	http://www.geonames.org/ontology#
human	http://eulersharp.sourceforge.net/2003/03swap/human#
oboro	http://obofoundry.org/ro/ro.owl#
rnews	http://iptc.org/std/rNews/2011-10-07#
organiz	http://eulersharp.sourceforge.net/2003/03swap/organization#
fab	http://purl.org/fab/ns#
healthcare	http://www.agfa.com/w3c/2009/healthCare#
odp	http://ontologydesignpatterns.org/
w3p	http://prov4j.org/w3p/
toby	http://tobyinkster.co.uk/#
enc	http://www.w3.org/2001/04/xmlenc#
tio	http://purl.org/tio/ns#
pbo	http://purl.org/ontology/pbo/core#
geodata	http://sws.geonames.org/
rr	http://www.w3.org/ns/r2rml#
r2r	http://www4.wiwiss.fu-berlin.de/bizer/r2r/
provenir	http://knoesis.wright.edu/provenir/provenir.owl#
dul	http://www.loa-cnr.it/ontologies/DUL.owl#
elog	http://eulersharp.sourceforge.net/2003/03swap/log-rules#
webtlab	http://webtlab.it.uc3m.es/
nocal	http://vocab.deri.ie/nocal#
cito	http://purl.org/net/cito/
pobo	http://purl.obolibrary.org/obo/
lp	http://launchpad.net/rdf/launchpad#
phil	http://philosurfical.open.ac.uk/ontology/philosurfical.owl/
esd	http://def.esd.org.uk/
agents	http://eulersharp.sourceforge.net/2003/03swap/agent#
lvont	http://lexvo.org/ontology#
malignneo	http://www.agfa.com/w3c/2009/malignantNeoplasm#
xro	http://purl.org/xro/ns#
sindice	http://vocab.sindice.net/
events	http://eulersharp.sourceforge.net/2003/03swap/event#
dbprop	http://dbpedia.org/property/
xfnv	http://vocab.sindice.com/xfn#
humanbody	http://eulersharp.sourceforge.net/2003/03swap/humanBody#
ass	http://uptheasset.org/ontology#
muo	http://purl.oclc.org/NET/muo/muo#
bioskos	http://eulersharp.sourceforge.net/2003/03swap/bioSKOSSchemes#
vso	http://purl.org/vso/ns#
quak	http://dev.w3.org/cvsweb/2000/quacken/vocab#
nndsr	http://semanticdiet.com/schema/usda/nndsr/
conversion	http://purl.org/twc/vocab/conversion/
req	http://ns.softwiki.de/req/
agetec	http://www.agetec.org/
linkedmdb	http://data.linkedmdb.org/sparql/
units	http://eulersharp.sourceforge.net/2003/03swap/unitsExtension#
edm	http://www.europeana.eu/schemas/edm/
schema	http://schema.org/
zbwext	http://zbw.eu/namespaces/zbw-extensions/
gd	http://rdf.data-vocabulary.org/#
genab	http://eulersharp.sourceforge.net/2003/03swap/genomeAbnormality#
prism	http://prismstandard.org/namespaces/basic/2.0/
aair	http://xmlns.notu.be/aair#
ps	http://purl.org/payswarm#
xsl	http://www.w3.org/1999/XSL/Transform#
sport	http://www.bbc.co.uk/ontologies/sport/
payment	http://reference.data.gov.uk/def/payment#
agent	http://eulersharp.sourceforge.net/2003/03swap/agent#
hemogram	http://www.agfa.com/w3c/2009/hemogram#
ceo	http://www.ebusiness-unibw.org/ontologies/consumerelectronics/v1#
lgdo	http://linkedgeodata.org/ontology/
prvr	http://purl.org/ontology/prv/rules#
hospital	http://www.agfa.com/w3c/2009/hospital#
address	http://schemas.talis.com/2005/address/schema#
opwn	http://www.ontologyportal.org/WordNet.owl#
prissma	http://ns.inria.fr/prissma/v1#
db	http://dbpedia.org/
xds	http://www.w3.org/2001/XMLSchema#
govwild	http://govwild.org/ontology/GWOntology.owl#
theatre	http://purl.org/theatre#
eat	http://www.awesomesauce.net/urmom/
pom	http://maven.apache.org/POM/4.0.0#
care	http://eulersharp.sourceforge.net/2003/03swap/care#
umbelrc	http://umbel.org/umbel/rc/
admingeo	http://data.ordnancesurvey.co.uk/ontology/admingeo/
cordis	http://www4.wiwiss.fu-berlin.de/cordis/resource/cordis/
quantities	http://eulersharp.sourceforge.net/2003/03swap/quantitiesExtension#
uni	http://purl.org/weso/uni/uni.html#
openlinks	http://www.openlinksw.com/schemas/virtrdf#
card	http://www.ashutosh.com/test/
ui	http://www.w3.org/ns/ui#
wai	http://purl.org/wai#
wao	http://webtlab.it.uc3m.es/2010/10/WebAppsOntology#
c4o	http://purl.org/spar/c4o/
ro	http://purl.org/obo/owl/ro#
clinproc	http://www.agfa.com/w3c/2009/clinicalProcedure#
tei	http://www.tei-c.org/ns/1.0/
environ	http://eulersharp.sourceforge.net/2003/03swap/environment#
sig	http://purl.org/signature#
lod2	http://lod2.eu/schema/
cube	http://purl.org/linked-data/cube#
voaf	http://mondeca.com/foaf/voaf#
gelo	http://krauthammerlab.med.yale.edu/ontologies/gelo#
hartigprov	http://purl.org/net/provenance/ns#
prvtypes	http://purl.org/net/provenance/types#
coeus	http://bioinformatics.ua.pt/coeus/
decl	http://www.linkedmodel.org/1.0/schema/decl#
span	http://www.ifomis.org/bfo/1.1/span#
transmed	http://www.w3.org/2001/sw/hcls/ns/transmed/
semtweet	http://semantictweet.com/
cpm	http://catalogus-professorum.org/cpm/
obo	http://purl.obolibrary.org/obo/
dgtwc	http://data-gov.tw.rpi.edu/2009/data-gov-twc.rdf#
wf	http://www.w3.org/2005/01/wf/flow#
scowt	http://purl.org/weso/ontologies/scowt#
lib	http://schemas.talis.com/2005/library/schema#
hints2005	http://purl.org/twc/cabig/model/HINTS2005-1.owl#
zem	http://s.zemanta.com/ns#
scsv	http://purl.org/NET/schema-org-csv#
clineva	http://www.agfa.com/w3c/2009/clinicalEvaluation#
aneo	http://akonadi-project.org/ontologies/aneo#
ccard	http://purl.org/commerce/creditcard#
infection	http://www.agfa.com/w3c/2009/infectiousDisorder#
res	http://www.w3.org/2005/sparql-results#
p20	http://zbw.eu/beta/p20/vocab/
sco	http://purl.org/ontology/sco#
arch	http://purl.org/archival/vocab/arch#
ccom	http://purl.org/ontology/cco/mappings#
olia	http://purl.org/olia/olia.owl#
atomowl	http://bblfish.net/work/atom-owl/2006-06-06/#
out	http://ontologies.hypios.com/out#
skip	http://skipforward.net/skipforward/resource/
cpv	http://purl.org/weso/cpv/
disease	http://www.agfa.com/w3c/2009/humanDisorder#
eco	http://www.ebusiness-unibw.org/ontologies/eclass/5.1.4/#
voag	http://voag.linkedmodel.org/schema/voag#
pos	http://www.w3.org/2003/01/geo/wgs84_pos#
spatial	http://geovocab.org/spatial#
edam	http://purl.bioontology.org/ontology/EDAM/
cmo	http://purl.org/twc/ontologies/cmo.owl#
sioctypes	http://rdfs.org/sioc/types#
vcard2006	http://www.w3.org/2006/vcard/ns#
vaem	http://www.linkedmodel.org/schema/vaem#
campsite	http://www.openlinksw.com/campsites/schema#
gc	http://www.oegov.org/core/owl/gc#
bcnnorms	http://datos.bcn.cl/ontologies/bcn-norms#
owls	http://www.daml.org/services/owl-s/1.2/Service.owl#
diseasome	http://www4.wiwiss.fu-berlin.de/diseasome/resource/diseasome/
saxon	http://saxon.sf.net/
ann	http://www.w3.org/2000/10/annotation-ns#
rv	http://wifo-ravensburg.de/semanticweb.rdf#
dtype	http://www.linkedmodel.org/schema/dtype#
mte	http://nl.ijs.si/ME/owl/
soap	http://www.w3.org/2003/05/soap-envelope/
sio	http://semanticscience.org/resource/
ngeo	http://geovocab.org/geometry#
s4ac	http://ns.inria.fr/s4ac/v2#
gml	http://www.opengis.net/gml/
httpvoc	http://www.w3.org/2006/http#
iron	http://purl.org/ontology/iron#
mtecore	http://purl.org/olia/mte/multext-east.owl#
vitro	http://vitro.mannlib.cornell.edu/ns/vitro/public#
prog	http://purl.org/prog/
rich	http://rdf.data-vocabulary.org/
rdfdf	http://www.openlinksw.com/virtrdf-data-formats#
rdo	http://purl.org/rdo/ns#
oboso	http://purl.org/obo/owl/SO#
ppo	http://vocab.deri.ie/ppo#
name	http://example.org/name#
biordf	http://purl.org/net/biordfmicroarray/ns#
hcard	http://purl.org/uF/hCard/terms/
steel	http://ontorule-project.eu/resources/steel-30#
greg	http://kasei.us/about/foaf.xrdf#
govtrackus	http://www.rdfabout.com/rdf/usgov/geo/us/
telmap	http://purl.org/telmap/
gazetteer	http://data.ordnancesurvey.co.uk/ontology/50kGazetteer/
pns	http://data.press.net/ontology/stuff/
eye	http://jena.hpl.hp.com/Eyeball#
vsto	http://escience.rpi.edu/ontology/vsto/2/0/vsto.owl#
kw	http://kwantu.net/kw/
vivo	http://vivoweb.org/ontology/core#
wm	http://ns.inria.fr/webmarks#
fct	http://openlinksw.com/services/facets/1.0/
rdb	http://www.dbs.cs.uni-duesseldorf.de/RDF/relational#
mei	http://www.music-encoding.org/ns/mei/
nytimes	http://data.nytimes.com/elements/
aims	http://aims.fao.org/aos/common/
ogp	http://ogp.me/ns#
teach	http://linkedscience.org/teach/ns#
lodac	http://lod.ac/ns/lodac#
skiresort	http://www.openlinksw.com/ski_resorts/schema#
oper	http://sweet.jpl.nasa.gov/2.0/mathOperation.owl#
iao	http://purl.obolibrary.org/obo/iao.owl#
fabio	http://purl.org/spar/fabio#
uta	http://uptheasset.org/ontology#
fingal	http://vocab.deri.ie/fingal#
ms	http://purl.org/obo/owl/MS#
place	http://purl.org/ontology/places/
shv	http://ns.aksw.org/spatialHierarchy/
s3db	http://www.s3db.org/core#
coo	http://purl.org/coo/ns#
qudt	http://qudt.org/1.1/schema/qudt#
sec	http://purl.org/security#
visko	http://trust.utep.edu/visko/ontology/visko-operator-v3.owl#
aapi	http://rdf.alchemyapi.com/rdf/v1/s/aapi-schema#
telix	http://purl.org/telix#
tmpl	http://purl.org/restdesc/http-template#
re	http://www.w3.org/2000/10/swap/reason#
eui	http://institutions.publicdata.eu/#
w3con	http://www.w3.org/2000/10/swap/pim/contact#
owlse	http://www.daml.org/services/owl-s/1.2/generic/Expression.owl#
lgv	http://linkedgeodata.org/ontology/
str	http://nlp2rdf.lod2.eu/schema/string/
gesis	http://lod.gesis.org/lodpilot/ALLBUS/vocab.rdf#
vcardx	http://buzzword.org.uk/rdf/vcardx#
water	http://escience.rpi.edu/ontology/semanteco/2/0/water.owl#
jita	http://aims.fao.org/aos/jita/
artstor	http://simile.mit.edu/2003/10/ontologies/artstor#
kontakt	http://richard.cyganiak.de/
dawgt	http://www.w3.org/2001/sw/DataAccess/tests/test-dawg#
geovocab	http://geovocab.org/
cheminf	http://www.semanticweb.org/ontologies/cheminf.owl#
htir	http://www.w3.org/2011/http#
xch	http://oanda2rdf.appspot.com/xch/
psh	http://psh.techlib.cz/skos/
frbrcore	http://purl.org/vocab/frbr/core#
#obs	???
overheid	http://standaarden.overheid.nl/owms/
cvbase	http://purl.org/captsolo/resume-rdf/0.2/base#
pf	http://jena.hpl.hp.com/ARQ/property#
rating	http://www.tvblob.com/ratings/#
bcngeo	http://datos.bcn.cl/ontologies/bcn-geographics#
ocd	http://dati.camera.it/ocd/
sso	http://nlp2rdf.lod2.eu/schema/sso/
rpubl	http://rinfo.lagrummet.se/ns/2008/11/rinfo/publ#
georss	http://www.georss.org/georss/
wikipedia	http://www.systemone.at/2006/03/wikipedia#
xt	http://purl.org/twc/vocab/cross-topix#
frir	http://purl.org/twc/ontology/frir.owl#
mygrid	http://www.mygrid.org.uk/ontology#
viskov	http://trust.utep.edu/visko/ontology/visko-view-v3.owl#
nsogi	http://prefix.cc/nsogi:
places	http://purl.org/ontology/places#
infosys	http://www.infosys.com/
cdm	http://purl.org/twc/ontology/cdm.owl#
datafaqs	http://purl.org/twc/vocab/datafaqs#
dwc	http://rs.tdwg.org/dwc/terms/
acco	http://purl.org/acco/ns#
b2rpubchem	http://bio2rdf.org/ns/ns/ns/pubchem#
library	http://purl.org/library/
gbv	http://purl.org/ontology/gbv/
vdpp	http://data.lirmm.fr/ontologies/vdpp#
chebi	http://bio2rdf.org/chebi:
transit	http://vocab.org/transit/terms/
pois	http://purl.oclc.org/POIS/vcblr#
gnd	http://d-nb.info/gnd/
identity	http://purl.org/twc/ontologies/identity.owl#
daiaserv	http://purl.org/ontology/daia/Service/
wfdesc	http://purl.org/wf4ever/wfdesc#
italy	http://data.kasabi.com/dataset/italy/schema/
example	http://www.example.org/rdf#
fc	http://www.freeclass.eu/freeclass_v1#
madsrdf	http://www.loc.gov/mads/rdf/v1#
arecipe	http://purl.org/amicroformat/arecipe/
rdfdata	http://rdf.data-vocabulary.org/rdf.xml#
protegedc	http://protege.stanford.edu/plugins/owl/dc/protege-dc.owl#
bcnbio	http://datos.bcn.cl/ontologies/bcn-biographies#
harrisons	http://harrisons.cc/
efo	http://www.ebi.ac.uk/efo/
viskoo	http://trust.utep.edu/visko/ontology/visko-operator-v3.owl#
calli	http://callimachusproject.org/rdf/2009/framework#
eunis	http://eunis.eea.europa.eu/rdf/species-schema.rdf#
c4dm	http://purl.org/NET/c4dm/event.owl#
biopax	http://bio2rdf.org/ns/biopax#
interval	http://reference.data.gov.uk/def/intervals/
sdmxdim	http://purl.org/linked-data/sdmx/2009/dimension#
dbptmpl	http://dbpedia.org/resource/Template:
nuts	http://nuts.psi.enakting.org/id/BE335/doc/
pro	http://purl.org/hpi/patchr#
np	http://www.nanopub.org/nschema#
isbd	http://iflastandards.info/ns/isbd/elements/
wsc	http://www.openk.org/wscaim.owl#
xlink	http://www.w3.org/1999/xlink/
recipe	http://linkedrecipes.org/schema/
grs	http://www.georss.org/georss/
func	http://www.w3.org/2007/rif-builtin-function#
eprints	http://eprints.org/ontology/
tcga	http://purl.org/tcga/core#
prf	http://www.openmobilealliance.org/tech/profiles/UAPROF/ccppschema-20021212#
moby	http://www.mygrid.org.uk/mygrid-moby-service#
cbase	http://ontologycentral.com/2010/05/cb/vocab#
blt	http://data.bl.uk/schema/bibliographic#
wp	http://vocabularies.wikipathways.org/
vvo	http://purl.org/vvo/ns#
ipad	http://www.padinthecity.com/
d2r	http://sites.wiwiss.fu-berlin.de/suhl/bizer/d2r-server/config.rdf#
swpatho	http://swpatho.ag-nbi.de/context/meta.owl#
osukdt	http://www.ordnancesurvey.co.uk/ontology/Datatypes.owl#
bcncon	http://datos.bcn.cl/ontologies/bcn-congress#
omapi	http://purl.org/omapi/0.2/#
fise	http://fise.iks-project.eu/ontology/
fl	http://eulersharp.sourceforge.net/2003/03swap/fl-rules#
rdagr1	http://rdvocab.info/Elements/
goef	http://purl.org/twc/vocab/goef#
ospost	http://data.ordnancesurvey.co.uk/ontology/postcode/
rdamedia	http://rdvocab.info/termList/RDAMediaType/
muto	http://purl.org/muto/core#
enhancer	http://stanbol.apache.org/ontology/enhancer/enhancer#
open	http://open.vocab.org/terms/
wscaim	http://www.openk.org/wscaim.owl#
omv	http://omv.ontoware.org/2005/05/ontology#
vsw	http://verticalsearchworks.com/ontology/
geom	http://geovocab.org/geometry#
poder	http://poderopedia.com/vocab/
ends	http://labs.mondeca.com/vocab/endpointStatus#
puelia	http://kwijibo.talis.com/vocabs/puelia#
aerols	http://xmlns.com/aerols/0.1/
tblcard	http://www.w3.org/People/Berners-Lee/card#
pol	http://escience.rpi.edu/ontology/semanteco/2/0/pollution.owl#
lr	http://linkedrecipes.org/schema/
ssn	http://www.w3.org/2005/Incubator/ssn/ssnx/ssn#
webbox	http://webbox.ecs.soton.ac.uk/ns#
cis	http://purl.org/NET/cloudisus#
voidp	http://www.enakting.org/provenance/voidp/
life	http://life.deri.ie/schema/
metalex	http://www.metalex.eu/metalex/2008-05-02#
rda	http://rdvocab.info/elements/
oboe	http://ecoinformatics.org/oboe/oboe.1.0/oboe-core.owl#
npg	http://ns.nature.com/terms/
vsr	http://purl.org/twc/vocab/vsr#
fls	http://lukasblaho.sk/football_league_schema#
rdacarrier	http://rdvocab.info/termList/RDACarrierType/
rec54	http://www.w3.org/2001/02pd/rec54.rdf#
rdrel	http://rdvocab.info/RDARelationshipsWEMI/
mohammad	http://manesht.ir/
ogorg	http://opengraph.org/schema/
wbp	http://worldbank.270a.info/property/
lexvo	http://lexvo.org/ontology#
pna	http://data.press.net/ontology/asset/
marcrel	http://id.loc.gov/vocabulary/relators/
hg	http://www.holygoat.co.uk/owl/redwood/0.1/tags/
cogs	http://vocab.deri.ie/cogs#
muni	http://purl.org/ontology/muni#
germplasm	http://purl.org/germplasm/terms#
lctr	http://data.linkedct.org/vocab/resource/
s2s	http://escience.rpi.edu/ontology/sesf/s2s/2/0/
wbc	http://worldbank.270a.info/classification/
prviv	http://purl.org/net/provenance/integrity#
xkos	http://purl.org/linked-data/xkos#
scufl2	http://ns.taverna.org.uk/2010/scufl2#
kupkb	http://www.e-lico.eu/data/kupkb/
carfo	http://purl.org/carfo#
mpeg7	http://rhizomik.net/ontologies/2005/03/Mpeg7-2001.owl#
marl	http://purl.org/marl/ns#
cts2	http://schema.omg.org/spec/CTS2/1.0/
ql	http://www.w3.org/2004/ql#
ncbitaxon	http://purl.org/obo/owl/NCBITaxon#
lemon	http://www.monnet-project.eu/lemon#
eumida	http://data.kasabi.com/dataset/eumida/terms/
pml	http://provenanceweb.org/ns/pml#
pav	http://purl.org/pav/
pne	http://data.press.net/ontology/event/
pccz	http://purl.org/procurement/public-contracts-czech#
npgd	http://ns.nature.com/datasets/
intervals	http://reference.data.gov.uk/def/intervals/
lv	http://lobid.org/vocab/lobid#
cao	http://purl.org/makolab/caont/
cerif	http://spi-fm.uca.es/neologism/cerif#
category	http://dbpedia.org/resource/Category:
dive	http://scubadive.networld.to/dive.rdf#
oac	http://www.openannotation.org/ns/
sdgp	http://stats.data-gov.ie/property/
br	http://purl.org/business-register#
wkd	http://schema.wolterskluwer.de/
no	http://km.aifb.kit.edu/projects/numbers/number#
prism21	http://prismstandard.org/namespaces/basic/2.1/
fcm	http://eulersharp.sourceforge.net/2006/02swap/fcm#
arg	http://rdfs.org/sioc/argument#
okg	http://openknowledgegraph.org/ontology/
ngeoi	http://vocab.lenka.no/geo-deling#
rdacontent	http://rdvocab.info/termList/RDAContentType/
vapour	http://vapour.sourceforge.net/vocab.rdf#
r4ta	http://ns.inria.fr/ratio4ta/v1#
npgg	http://ns.nature.com/graphs/
vsws	http://verticalsearchworks.com/ontology/synset#
flow	http://www.w3.org/2005/01/wf/flow#
wfprov	http://purl.org/wf4ever/wfprov#
sgv	http://www.w3.org/TR/SVG/
myprefix	http://myprefix.org/
dpl	http://dbpedialite.org/things/
r2rml	http://www.w3.org/ns/r2rml#
onssprel	http://www.ordnancesurvey.co.uk/ontology/SpatialRelations/v0.2/SpatialRelations.owl#
admssw	http://purl.org/adms/sw/
aers	http://aers.data2semantics.org/resource/
npgx	http://ns.nature.com/extensions/
#google	???
#all	???
pay	http://purl.org/commerce/payment#
spif	http://spinrdf.org/spif#
health	http://purl.org/twc/health/vocab/
#xml	???
rssynd	http://web.resource.org/rss/1.0/modules/syndication/
bp	http://open-services.net/ns/basicProfile#
#sitemap	???
set	http://www.w3.org/2000/10/swap/set#
pkmn	http://pokedex.dataincubator.org/pkm/
person	http://www.w3.org/ns/person#
osmsemnet	http://spatial.ucd.ie/2012/08/osmsemnet/
icaltzd	http://www.w3.org/2002/12/cal/icaltzd#
#demiblog	???
#porn	???
#bif	???
visit	http://purl.org/net/vocab/2004/07/visit#
ero	http://purl.obolibrary.org/obo/
pingback	http://purl.org/net/pingback/
wn20	http://www.w3.org/2006/03/wn/wn20/
asn	http://purl.org/ASN/schema/core/
food	http://data.lirmm.fr/ontologies/food#
#blog	???
#review	???
#purl	???
genea	http://www.owl-ontologies.com/generations.owl#
eseduc	http://www.purl.org/ontologia/eseduc#
owltime	http://www.w3.org/TR/owl-time#
#tw	???
#dpbr	???
agg	http://purl.org/twc/health/vocab/aggregate/
laposte	http://data.lirmm.fr/ontologies/laposte#
viaf	http://viaf.org/ontology/1.1/#
dsp	http://purl.org/metainfo/terms/dsp#
dce	http://purl.org/dc/elements/1.1/
arpfo	http://vocab.ouls.ox.ac.uk/projectfunding#
#rd	???
#pr0n	???
#foo	???
#anzo	???
osn	http://spatial.ucd.ie/lod/osn/
#html	???
#n3	???
ens	http://models.okkam.org/ENS-core-vocabulary.owl#
xmls	http://www.w3.org/2001/XMLSchema#
#trix	???
#term	???
#svg	???
#abr	???
#likes	???
#type	???
#xsi	???
dco	http://deepcarbon.net/
#index	???
#cml	???
#meshr	???
#mime	???
#iso	???
#ftp	???
#sql	???
bne	http://datos.bne.es/resource/
#dcmi	???
#owl2	???
oa	http://www.w3.org/ns/openannotation/core/
lex	http://purl.org/lex#
#sw	???
#ge	???
#mailto	???
#foafgeo	???
#ev	???
#imgn	???
#ttp	???
dcr	http://www.isocat.org/ns/dcr.rdf#
hgnc	http://bio2rdf.org/hgnc:
#foa	???
#hat	???
#cl	???
dnb	http://d-nb.info/gnd/
#opencyc	???
#aowl	???
#map	???
#kwiji	???
#xbrl	???
#imdb	???
#sf	???
#eswc	???
#xh	???
#mm	???
#veg	???
#fast	???
#nana	???
#ow	???
#sk	???
#rfds	???
#isbn	???
#json	???
#ol	???
#dd	???
#le	???
#soc	???
#loaf	???
#def	???
#raw	???
#ce	???
#rdfss	???
#abstract	???
#dt	???
#comic	???
#fo	???
#cios	???
#rob	???
#www	???
#rc	???
#langware	???
#info	???
#kwi	???
#vo	???
#txt	???
#xxx	???
#fwfwef	???
#lucene	???
#resourc	???
#cmg	???
#xslt	???
#terms	???
#trunk	???
#nap	???
#dbpedia2	???
#ruleml	???
#ter	???
#vcal	???
#dbont	???
#date	???
#sdf	???
#csv	???
#semsl	???
#rat	???
#dctitle	???
#in	???
#bar	???
#town	???
#revrevrevr	???
#konfidi	???
#sgae	???
#voi	???
#testx	???
#pow	???
#dfsdf	???
#openvocab	???
#gaul	???
#cme	???
#foafx	???
#fips	???
#aii	???
#xpath	???
#ds	???
#marcont	???
marshall	http://sites.google.com/site/xgmaitc/
#siocterms	???
#wolf	???
#bs	???
#extn	???
#x3d	???
#creator	???
#erratic	???
#hello	???
#yayo	???
#back	???
#logan	???
#double	???
#red	???
#scov	???
#clim	???
#nid	???
#mp3	???
#cid	???
#near	???
#road	???
#ini	???
#turtle	???
#lore	???
#randomqb	???
#mb	???
#animal	???
#ai	???
#powed	???
#ianalink	???
atomrdf	http://atomowl.org/ontologies/atomrdf#
#retail	???
#tmdm	???
#scoo	???
#powd	???
#wgs84geo	???
#iana	???
#xvh	???
#river	???
#me	???
#soic	???
#wolfe	???
#isa	???
#dbc	???
#powe	???
#ofaf	???
#sko	???
#dataview	???
#skot	???
#agrovoc	???
#cw	???
#ianarel	???
#project	???
#load	???
#xmlns	???
#sxsd	???
#wl	???
dssn	http://purl.org/net/dssn/
#did	???
#kontakthtt	???
#owlx	???
#assert	???
#nhie	???
#cmd	???
#xx	???
#b2r	???
#vocab	???
uco	http://purl.org/uco/ns#
#dii	???
#ctags	???
#katherine	???
#city	???
#resour	???
#country	???
#bioont	???
#kwijib	???
#fgt	???
#xxxx	???
#resou	???
#dpb	???
#n3d	???
#world	???
#ax	???
#wknl	???
#epx	???
#https	???
b2bo	http://purl.org/iig2/b2bo#
#solcrux	???
#lattes	???
#iso2	???
#tom	???
#usgovt	???
#xmlschema	???
#swan	???
#close	???
#sdp	???
#dbpo	???
#frdf	???
#homepage	???
#dcty	???
#delete	???
#redf	???
#weather	???
#cmf	???
#image	???
#mathml	???
#imd	???
#xlwrap	???
#upm	???
#bi	???
#syc	???
#locate	???
#company	???
#envinfo	???
disco	http://vocab.ddialliance.org/discovery#
bd	http://www.bigdata.com/rdf/search#
#capital	???
#examplethe	???
#dcc	???
#oegov	???
#httpv	???
#geowgs84	???
#range	???
#swn	???
#omim	???
#xhtmlvoc	???
#eurostat	???
#lda	???
#friend	???
#linkeddata	???
#van	???
#shortcut	???
#config	???
#sensor	???
#revyu	???
#olw	???
#cmh	???
#crc	???
#mesh	???
#help	???
#wott	???
#knows	???
#xht	???
#premis	???
kdo	http://kdo.render-project.eu/kdo#
#discogs	???
#property	???
#revy	???
#plain	???
#xhtlm	???
#school	???
#changeset	???
#primi	???
#foobar	???
#composite	???
#scioc	???
#df	???
#ep	???
#ns	???
#tegula	???
#ttt	???
#apf	???
#test5	???
#owlk	???
#wgs84pos	???
#rss2	???
#title	???
#cms	???
#ns0	???
#xst	???
#claros	???
#picasa	???
#language	???
#rbib	???
#lexinfo	???
#egov	???
#test4	???
#highway	???
#drop	???
#works	???
#xlw	???
#orgrep	???
#sbo	???
#prefix	???
#ec	???
#salut	???
#gpx	???
#bm	???
#svn	???
#cd	???
#singer	???
#twitter	???
#pw	???
#comment	???
#xasd	???
#dis	???
#bea	???
#dp	???
#lic	???
#mvcm	???
#aat	???
#location	???
#proton	???
fos	http://futurios.org/fos/spec/
#skos2	???
#please	???
#longitude	???
#education	???
#photo	???
#prvtype	???
#virtrdf	???
#jps	???
#lmf	???
#fin	???
lyou	http://purl.org/linkingyou/
#powede	???
#img	???
#test1	???
#test3	???
#suny	???
#stdm	???
#license	???
#faun	???
#rdfschema	???
#uf	???
#sile	???
#multi	???
gsp	http://www.opengis.net/ont/geosparql#
#humans	???
#dctypes	???
#ns13	???
#dpr	???
#hot	???
#jdl	???
#rs	???
#pdf	???
#xmi	???
gawd	http://gawd.atlantides.org/terms/
#message	???
#misc	???
#qs	???
#rdfn3	???
#sameas	???
#sedfsd	???
#bbc	???
#author	???
#mc	???
#pepe	???
#fbase	???
#vc	???
#mil	???
#moi	???
cidoccrm	http://purl.org/NET/cidoc-crm/core#
#foafl	???
#ani	???
#genre	???
#sarest	???
#inter	???
#plays	???
#pkm	???
#scos	???
#hm	???
#rsscontent	???
#de	???
#xoev	???
#kd	???
#mw	???
#wgc84	???
#id	???
#cen	???
#occult	???
#compound	???
#stuff	???
#wang	???
#fx	???
#foafrdf	???
#pt	???
#pim	???
#nba	???
#nxu	???
#dbpr	???
#skkos	???
#tf	???
#sos	???
#rddf	???
#dg	???
#cap	???
#artist	???
#ddms	???
#seealso	???
#dublincore	???
#fred	???
#email	???
#nyse	???
#dfdfsdf	???
#silefs	???
#rdl	???
#latitude	???
#dolce	???
#annot	???
#vid	???
#dq	???
#sub	???
#bookmashup	???
#genesis	???
#foafperson	???
#wam	???
#class	???
#skso	???
#vevent	???
#swap	???
#mov	???
#testa	???
#aboutindex	???
#mtag	???
#gov	???
#asa	???
#foad	???
#gdf	???
#patch	???
#workflow	???
aersv	http://aers.data2semantics.org/vocab/
jjd	http://www.joshuajeeson.com/
#acronym	???
#amsterdam	???
#sprache	???
#foaf55	???
#people	???
#opoactions	???
#wi	???
#shk	???
#isct	???
#xdt	???
#wpen	???
#symantec	???
#n0pred	???
#calendar	???
#friends	???
#rm	???
#icalzdt	???
#csd	???
#httpe	???
#ime	???
#rdffs	???
#riese	???
#foafnew	???
#smw	???
#rds	???
#mrdl	???
#exif2000	???
#fs	???
#mass	???
#annotea	???
#course	???
#ss	???
#rdfsns	???
#icaltz	???
#helloworld	???
#sumo	???
#pdb	???
#causation	???
#dfs	???
#wtf	???
#ordnance	???
#semsna	???
#dpedia	???
#pubchem	???
#micha1	???
#jeromedl	???
#asdf	???
#sprint	???
#talis	???
#acita	???
#doa	???
#tp	???
#vivoweb	???
#rico	???
#hom	???
#css	???
#reds	???
#skis	???
#lod	???
#pred	???
#lol	???
#obi	???
#contac	???
#scoville	???
#zhuoerwang	???
#noexiste	???
#ccc	???
#gtbnkgh	???
#neo	???
#computer	???
#file	???
photoshop	http://ns.adobe.com/photoshop/1.0/
apivc	http://purl.org/linked-data/api/vocab#
igeo	http://rdf.insee.fr/def/geo#
#swrcext	???
#iqv	???
#skod	???
#smith	???
#foafopm	???
#ho	???
#rrr	???
#baetle	???
#fr	???
#cern	???
#sfc	???
#stats	???
#du	???
#dcterrms	???
#state	???
#geop	???
oarj	http://opendepot.org/reference/linked/1.0/
#swarch	???
#beer	???
#wk	???
#msg	???
#chess	???
#zxd	???
#remusz	???
#xmp	???
#libary	???
#sex	???
#cabig	???
#astronomy	???
#wa	???
#ssv	???
#snomed	???
gxa	http://www.ebi.ac.uk/gxa/
#call	???
#dcindex	???
#icom	???
#same	???
#dbpres	???
#webarch	???
#gem	???
#point	???
#dcte	???
#chem	???
#eowl	???
#dm	???
#energy	???
#price	???
#anc	???
#larkc	???
#papi	???
#m3o	???
#socialml	???
#virt	???
#research	???
#naptan	???
#tweet	???
#hmedia	???
ekaw	http://data.semanticweb.org/conference/ekaw/2012/complete/
#translate	???
#wiki	???
#huh	???
#blah	???
#booo	???
#bibocto	???
#stat	???
#graph	???
#hevent	???
#fdiez	???
#uns	???
#scr	???
#artsdb	???
#ast	???
#bioportal	???
#contains	???
#student	???
#geoname	???
#flash	???
#rate	???
#uberblic	???
#sarkozy	???
#related	???
#icaldtz	???
#vcarddc11	???
#dctt	???
#doaml	???
#simile	???
#dbproperty	???
#color	???
#micha	???
#semic	???
#col	???
#ei	???
#as	???
#cidoc	???
#dso	???
#voc	???
#eventws	???
#biomed	???
#wsg	???
#domain	???
#mega	???
#pronto	???
#pront	???
#commontag	???
#hdp	???
#mmi	???
#court	???
#yyzhou	???
#kdsna	???
#rares	???
#gx	???
#gpxx	???
#wsb	???
#icalzd	???
#dpd	???
#nw	???
#pub	???
#vi	???
#proj	???
#parent	???
#youtube	???
#abou	???
#thalia	???
#spac	???
#ltool	???
#ymedia	???
#que	???
#rubric	???
#store	???
#nofollow	???
#iso8601	???
#tekniker	???
#loasd	???
#otn	???
#history	???
#uduvudu	???
#bex	???
#xquery	???
#goes	???
#orgf	???
#markytka	???
#vm	???
#genid	???
#sxd	???
#swoogle	???
#rdfcal	???
#foafs	???
#sfo	???
#rsfs	???
#popula	???
#steven	???
#ogov	???
#libris	???
#scada	???
#sct	???
#theater	???
#rgi	???
#tengwar	???
#vehicle	???
#ecademy	???
#weblog	???
#upf	???
#up	???
#wsg84	???
#news	???
strdf	http://strdf.di.uoa.gr/ontology#
#intelweb	???
#top	???
#colour	???
#law	???
#vigilance	???
#encoding	???
#festival	???
#antisocial	???
#weavej3	???
#eon	???
#copac	???
pronom	http://reference.data.gov.uk/technical-registry/
#dbedia	???
#fdsfdsfdsf	???
#species	???
#dcic	???
#pb	???
#weblab	???
#saop	???
#holiday	???
#dop	???
#flashvideo	???
#centi	???
w3po	http://purl.org/provenance#
#chile	???
#perfix	???
#data	???
#instances	???
#cb	???
#science	???
#freebsd	???
#titanic	???
#midpoint	???
#localhost	???
#fd	???
#access	???
particip	http://purl.org/vocab/participation/schema#
#omdoc	???
#asdfasdf	???
#autho	???
#pm	???
#nntp	???
l4a	http://labels4all.info/ns/
#dbin	???
#rng	???
#leo	???
#aaa	???
#fao	???
#begin	???
#chemistry	???
#niew	???
#myns	???
#dbponto	???
#sip	???
#swrltab	???
#mail	???
#labels	???
#datacube	???
#javam	???
#mid	???
#om	???
#viskos	???
#xxxlxxx	???
#devi	???
#iris	???
#airports	???
#h323	???
#dataub	???
#pubmed	???
#facebook	???
#xsdanyurl	???
#doapn3	???
#man	???
#musician	???
#gi	???
#spleen	???
#dav	???
#im	???
#msrp	???
#idobj	???
#sioctype	???
#ny	???
#gexf	???
#ab	???
#vum	???
#opvm	???
#eo	???
#esg	???
#dctersm	???
#acap	???
#afs	???
#nfs	???
#rtsp	???
#shttp	???
#rq	???
#biz	???
#chojnice	???
#mrf	???
#dppedia	???
#sweet	???
#dim	???
#word	???
#edf	???
#elements	???
#politicio	???
#xsdl	???
#nurse	???
#foadsdf	???
#htp	???
#machine	???
#voiud	???
#spatialrel	???
#dcelements	???
#expensive	???
#sociopath	???
#dbonto	???
#ldow	???
#mailserver	???
#url	???
#site	???
#snap	???
#kiss	???
#atcult	???
#mets	???
#fdsgsagdsa	???
#localhos	???
#sioooc	???
#ls	???
#lhttp	???
#gs	???
#fax	???
#telnet	???
daisy	http://www.daisy.org/z3998/2012/vocab/
oax	http://www.w3.org/ns/openannotation/extensions/
#wim	???
#dc10	???
#usbill	???
#n3s	???
#member	???
#lo	???
#ns1	???
#intersects	???
#iptc	???
#unintended	???
#ff	???
#forename	???
#phone	???
#wgss	???
#resume	???
#eot	???
#jena	???
#rpl	???
#guitar	???
#esgf	???
#admire	???
#topo	???
#vf	???
#vfddadasd	???
#nasa	???
#trin	???
#dictonary	???
#goog	???
#service	???
#aaas	???
#gopher	???
#pop	???
#dec	???
#ddi	???
#move	???
#si	???
#nyt	???
#swe	???
#sawp	???
#onto	???
#gi2mo	???
#put	???
#wine	???
#aco	???
#wrds	???
#med	???
#dbtropes	???
#geometry	???
#hobby	???
#vacrd	???
#nex	???
#bkz	???
#add	???
#books	???
#ssg	???
#page	???
#pmc	???
#modem	???
#qd	???
#sdmxcode	???
#api	???
#born	???
#somestuff	???
#privacy	???
#eont	???
#yhttp	???
#magic	???
#politic	???
#deep	???
#print	???
#crmo	???
#faof	???
#xtype	???
#rdflabel	???
#msd	???
#cluug	???
#landsat	???
#ynews	???
#cieux	???
#mobisem	???
#opengraph	???
#dci	???
#film	???
#synopsis	???
#hotel	???
#geos	???
#tel	???
#woo	???
#protont	???
#ful	???
#quote	???
#spec	???
#question	???
#subject	???
#udc	???
#year	???
#any	???
#dbrec	???
#respect	???
#universe	???
#facility	???
#sxml	???
#group	???
#imap	???
#tftp	???
#fafag	???
#sns	???
#rdfgeom2d	???
#nlp	???
#lon	???
#biography	???
#website	???
#trt	???
#dces	???
#jonlittler	???
#grammar	???
#joenash	???
#bfo	???
#app	???
#olap	???
#pack	???
#icap	???
#mupdate	???
#dnrdf	???
#inrdf	???
#similarity	???
#area	???
#rdsf	???
#dpo	???
#linkedc	???
#publisher	???
#uefa	???
#loco	???
#en	???
#rdms	???
#census	???
#doi	???
#genabnor	???
#geod	???
#dbpediao	???
#bpm	???
#asd	???
#acd	???
#aca	???
#thea	???
#ginseng	???
#lud	???
#cancer	???
#election	???
#dcerms	???
#agua	???
#ncbi	???
#dcelement	???
#lives	???
#crid	???
#ipp	???
#aboutus	???
#ns19	???
#adobe	???
#see	???
#foat	???
#genome	???
#task	???
#lcsh	???
#satellite	???
#pode	???
#dcs	???
#interest	???
#madeup	???
#localho	???
#bench	???
#lgdp	???
#agh	???
#sst	???
#wrd	???
#foag	???
#flu	???
#position	???
#child	???
#grrrrr	???
#ankara	???
#pres	???
#snmp	???
#ubmed	???
#playlist	???
#auth	???
#foar	???
#trust	???
#datatype	???
#inf	???
#smo	???
#isoco	???
#mui	???
#album	???
#lice	???
#landmap	???
#haus	???
#x509	???
#imam	???
#dublin	???
#ofx	???
#to	???
#eur	???
#lls	???
#lfs	???
#xoxo	???
#dict	???
#dns	???
#tip	???
#wsdl	???
#be	???
#aboutme	???
#whp	???
#env	???
#dvminh	???
#scala	???
#rfd	???
#dddd	???
#op	???
#caltzd	???
#darn	???
#apsd	???
#atm	???
#dbt	???
#testb	???
#feigenbaum	???
#vfd	???
#skow	???
#dbpont	???
#arisem	???
#ueberblic	???
#dictionary	???
#meeting	???
#epa	???
#fiaf	???
#vracore4	???
#wmd	???
#msrps	???
#jamendo	???
#coke	???
#relate	???
#alocom	???
#sensorml	???
#sqwrl	???
#guy	???
#partof	???
#lookatme	???
#lct	???
#llomp	???
#stream	???
#nikon	???
#probos	???
#bitcache	???
#properties	???
#cpr	???
#ordsurvey	???
#scio	???
#adress	???
#tc	???
#olb	???
#efoaf	???
#ucum	???
#slos	???
#dao	???
#fv	???
#ll	???
#mou	???
#mtqp	???
#sips	???
#cmn	???
#somelong	???
#greater	???
#evon	???
#siocoo	???
#cas	???
#foafrdfs	???
#qif	???
#mea	???
#loca	???
#love	???
#invoice	???
#elect	???
#default95	???
#podcast	???
#monthof	???
#hhttp	???
#portal	???
#equipment	???
#javap	???
#var	???
#accounting	???
#diligent	???
#anoe	???
#tv	???
#about3721	???
#knowsfoaf	???
#trans	???
#ar	???
#biology	???
#srgs	???
#conference	???
#amazon	???
#director	???
#socio	???
#kennedy	???
#ldfs	???
#mbox	???
#zemanta	???
#meal	???
#wcard	???
#linuxcnc	???
#ramon	???
#layar	???
#sysong	???
#goe	???
#job	???
#ebucore	???
#format	???
#abo	???
#vegetarian	???
#hilbrink	???
#politics	???
#dbdprop	???
#remu	???
#bc	???
#mag	???
#zitgist	???
#dbpaedia	???
#doofi	???
#webtla	???
#gaf	???
#ra	???
#bbcevent	???
#hgtags	???
#leclaque	???
#linkmdb	???
#videotex	???
#xmpp	???
#element	???
#osagosag	???
idemo	http://rdf.insee.fr/graphes/def/demo#
#long	???
#letter	???
#translator	???
#collect	???
#kjhaskdj	???
#groundhog	???
#metric	???
#hggg	???
#ess	???
#swrlx	???
#scp	???
#philo	???
#sale	???
#chefmoz	???
#ibsen	???
#ld	???
#vra	???
#rfdf	???
#locah	???
#vemmi	???
#archive	???
#abl	???
#orf	???
#babu	???
#siocs	???
#arrabal	???
#reread	???
#davfoaf	???
#local	???
#xmdr	???
#uberbilc	???
#vracoire	???
#bo	???
#gui	???
#gf	???
#iax	???
#prospero	???
#gnrdf	???
#sg	???
#mediation	???
#base	???
#shop	???
nxp	http://purl.org/nxp/schema/v1/
#osmp	???
#fm	???
#synonym	???
#htt	???
#gtag	???
#geographic	???
#jdijd	???
#dtn	???
#snews	???
#reo	???
#gene	???
#disclaimer	???
#post	???
#owlsa	???
#academic	???
#dqm	???
#incubator	???
#integerate	???
#vchar	???
#pti	???
#titlerdfs	???
#pod	???
#aktor	???
#gre	???
#krextor	???
#mfu	???
#gwn	???
#scourt	???
#ukpmc	???
#tn3270	???
#wais	???
#gw	???
#akfkafk	???
#vis	???
#refinder	???
#recof	???
#jo	???
#vt	???
#scout	???
#patterm	???
#dimension	???
#un	???
#update	???
#sysonf	???
#falcons	???
#onix	???
#exist	???
#prop	???
#design	???
#addr	???
#osm	???
#john	???
#reddco	???
#lrdfs	???
#docom	???
#rpa	???
#vracore	???
#dish	???
#rdfakt	???
#tree	???
#business	???
#nif	???
#ngd	???
#anti	???
#xalan	???
#pnd	???
#acal	???
#jobs	???
#aisso	???
#rdforms	???
#surinam	???
#datacenter	???
#ffoaf	???
#pharmgkb	???
#subclass	???
#india	???
#dub	???
#syson	???
#xls	???
#dcn3	???
#ogc	???
#httprdf	???
#robot	???
#boag	???
#node	???
#yago2	???
#msm	???
#ffff	???
#alksdjf	???
#grounding	???
#uuid	???
#esdt	???
#travel	???
#birthday	???
#cat	???
#dahut	???
#nprov	???
#scam	???
#rn	???
#trou	???
#dbpedi	???
#yag	???
#supra	???
#oslc	???
#nao301	???
#ext	???
#bio2	???
#topic	???
#mview	???
#statistics	???
#sdsads	???
#javapr	???
#copmv	???
#src	???
#ssb	???
#mebase	???
#w3c	???
#gumo	???
#prefecture	???
#afdsafasf	???
#mods	???
#rhttp	???
#typhttp	???
#typehttp	???
#nrdf	???
#nbrdf	???
#ridicule	???
#gok	???
#pizza	???
#patchr	???
#gggg	???
#dcternms	???
#dbowl	???
#odmrd	???
#dbped	???
#dbpe	???
#identifier	???
#xd	???
#ldbpprop	???
#lin	???
#tpl	???
#vcasrd	???
#targethttp	???
#cia	???
#geospatial	???
#geontology	???
#foaflobid	???
#pwl	???
#edu	???
#per	???
#expo	???
#dtc	???
#p2071	???
#geo2661	???
#wsmo	???
#stw	???
#lab	???
#tagging	???
#emotion	???
#wol	???
#vehicles	???
#titech	???
#the	???
#seshu	???
#ontom	???
#age	???
#dbpdia2	???
#pa	???
#programmes	???
#tyhttp	???
#flickr	???
#lov	???
#srf	???
#swivf	???
#owms	???
#dbpedoa	???
#origen	???
#fby	???
#part	???
#microsoft	???
#deri	???
#rdagr2	???
#tisc	???
#impressum	???
#currency	???
#gephi	???
#periodic	???
#heo	???
#face	???
#ara	???
#sico	???
#skype	???
#ebugs	???
#rdfvocab	???
#haha	???
#esra	???
#cnn	???
#skoss	???
#sskoss	???
#scoma	???
#soton	???
#tax	???
dita	http://zebrana.net/dita/ditavoc.ttl#
#own	???
#oan	???
#dfsdkfjshd	???
#wsg64	???
#fabric	???
#pur	???
#program	???
#zs	???
#cdwa	???
#idiom	???
#dnbrdf	???
#aid	???
#sem	???
#iwf	???
#page3	???
#noticias	???
#opms	???
#gallery	???
#destinty	???
#faq	???
#sports	???
#oel	???
#page1	???
#sws	???
#qutd	???
#movi	???
#som	???
#vacancy	???
#device	???
#rdfslabel	???
#gaestebuch	???
#curie	???
#brainz	???
#regi	???
#dbpcat	???
#transport	???
#ctagm	???
#boe	???
#keg	???
#crowd	???
#calais	???
#bef	???
#cheese	???
#police	???
#sid	???
#tr	???
#adms	???
#sajib	???
#amoi	???
#projects	???
#revision	???
#calbc	???
#mdv	???
#civc	???
#article	???
#gno	???
#bcodmo	???
#bisness	???
#max	???
#mads	???
#cz	???
#rdfhttp	???
#httrdf	???
#irdf	???
#infrdf	???
#infordf	???
#grdf	???
#sgu	???
#voem	???
#gokhan	???
#ralph	???
#xdmp	???
#xsf	???
#medical	???
#spatila	???
#pegi	???
#sam	???
#maus	???
#dtyp	???
#ppn	???
#scm	???
#pets	???
#biocarta	???
#page2	???
#dioc	???
#page25	???
#htstha	???
#obituaries	???
#side	???
#recepice	???
#scsp	???
#rda2	???
#oof	???
#nicetag	???
#targehttp	???
#targhttp	???
#hthttp	???
#ags	???
#zbw	???
#ontology	???
#naoo	???
#learning	???
#tron	???
#nmm	???
#asset	???
#register	???
#st	???
#aa	???
#esi	???
#nice	???
#dsi	???
#geonto	???
#kedct	???
#rdvocab	???
#rfs	???
#js	???
#vw	???
#siocacs	???
#npo	???
#reso	???
#dbtune	???
#personne	???
#foef	???
#xkcd	???
#osspatial	???
#cool	???
#bq	???
#recipes	???
#rlabel	???
#rdlabel	???
#cofog	???
#disability	???
#duration	???
#ru	???
#hard71	???
#geo681	???
#timeline71	???
#adfasdf	???
#my	???
#ischema	???
#concept	???
#esdp	???
#sesoa	???
#breast	???
#exf	???
#svu	???
#hcal	???
#thesaurus	???
#bro	???
#ln	???
#team	???
#rdfrdfs	???
#rdhttp	???
#dctemrs	???
#hrdf	???
#gndrdf	???
#tdcat	???
#dcmiterm	???
#text	???
#skios	???
#topology	???
#cdtype	???
#das	???
#xfoaf	???
#orboro	???
#xdas	???
#nyx	???
#strin	???
#lan	???
#lmap	???
#page9	???
#github	???
#opmvcommon	???
#frbroo	???
#pers	???
#restaurant	???
#opinions	???
#gop	???
#apple	???
#dbpediaow	???
#agris	???
#rss10	???
#sy	???
#locatedin	???
#stts	???
#ospc	???
#mobile	???
#object	???
#eam	???
#result	???
#physics	???
#wlan	???
#lgdr	???
#affiliate	???
#process	???
#als	???
#mda	???
#shos	???
#ckan	???
#sapce	???
#afraid	???
#edct	???
#reliant	???
#dcterns	???
#md	???
#nearby	???
#licence	???
#rdgf	???
#metadata	???
#iso19115	???
#xaml	???
#ikke	???
#datavoc	???
#tpc	???
#bl	???
#rad	???
#sinfo	???
#kos	???
#siocc	???
#receipt	???
#bug	???
#lookup	???
#nerd	???
#provo	???
#usdl	???
#bookstore	???
#pco	???
#source	???
#niem	???
#dqr	???
#hier	???
#semint	???
#r101	???
#ontoware	???
#loted	???
#mgl	???
#ucumunit	???
#p3p71	???
#entityhub	???
#kac	???
#readme	???
#th	???
#um	???
#lido	???
#thttp	???
#htrdf	???
#drdf	???
#mdr	???
#soydan	???
#util	???
#sskos	???
#dde	???
#table	???
#tour	???
#tg	???
#textgrid	???
#goodwin	???
#tourist	???
#trip	???
#storm	???
#feature	???
#entrez	???
#z3986	???
#sdb	???
#ja	???
#grr	???
#voap	???
#vaep	???
#drf	???
#acti	???
#qallme	???
#hure	???
#myx	???
#gala	???
#hsyjsyjsy	???
#fofa	???
#esports	???
#hiper	???
#fop	???
#por	???
#blp	???
#marine	???
#links	???
#tt	???
#ehttp	???
#tarhttp	???
#tiger	???
#y1ttp	???
#an	???
#sihhkjhkj	???
#libro	???
#truc	???
#fts	???
#serv	???
#hcls	???
#it	???
#offo	???
#oly	???
#mlst	???
#siocac	???
#vb	???
#affymetrix	???
#launch	???
#geon	???
#geont	???
#geontol	???
#dulce	???
#ago	???
#nkedct	???
#blumauer	???
#foaf1	???
#reegle	???
#svf	???
#ossr	???
#crpt	???
#bitcoin	???
#pext	???
#logd	???
#planet	???
#lexo	???
#dists	???
#online	???
#cities	???
#temporal	???
#eclass	???
#photordf	???
#bibio	???
#tiff	???
#bla	???
#foafdct	???
#fma3	???
#omgeo	???
#nto	???
#csb	???
#doid	???
#neurolex	???
#software	???
#toto	???
#italia	???
#payments	???
#docs	???
#dados	???
#bmo	???
#musoc	???
#dsw	???
#socam	???
#download	???
#exactly	???
#lb	???
#qu	???
#foaf101	???
#frbr71	???
#finance	???
#infodat	???
#dru	???
#scho	???
#lat	???
#gsoydan	???
#dom	???
#technology	???
#nodes	???
#rdfds	???
#stos	???
#esperanto	???
#webid	???
#page26	???
#grrr	???
#xi	???
#polygon	???
#decterms	???
#xrdf	???
#endhttp	???
#enhttp	???
#tahttp	???
#httphttp	???
#venn	???
#database	???
#nemo	???
#edmo	???
#edamo	???
#doop	???
#erawr	???
#mlr	???
#mygridmoby	???
#cxh	???
#login	???
#family	???
#mbz	???
#waiver	???
#university	???
#kegg	???
#ts	???
#auto	???
#drvocab	???
#calandar	???
#sorg	???
#ect	???
#aksw	???
#tso	???
#friar	???
#mimetypes	???
#owlsw	???
#sioo	???
#zsh	???
#faxcore	???
#utm	???
#lubm	???
#jkc	???
#mlo	???
#sro	???
#jt	???
#viod	???
#emplyer	???
#uci	???
#fdfs	???
#xslfo	???
#adminge	???
#cycl	???
#ccd	???
#suff	???
#rulez	???
#skill	???
#seemp	???
#pointer	???
#wn30	???
#error	???
#cylon	???
#bus	???
#skb	???
#ptn	???
#ntag	???
#scc	???
#bcc	???
#brdf	???
#ont	???
#f8	???
#knos	???
#covrigi	???
#enuis	???
#sno	???
#government	???
#led	???
#soupa	???
#ud	???
#nsl	???
#provenance	???
#schemaorg	???
#wg84	???
#attribute	???
#budget	???
#govt	???
#typon	???
#geosparql	???
#grd	???
#iso639	???
#nho	???
#has	???
#licya	???
#php	???
#user71	???
#nndsr71	???
#skosrdfs	???
#remote	???
#gho	???
#rss20	???
#yrdf	???
#size	???
#dbg	???
#popular	???
#wikilink	???
#dcl	???
#page7	???
#restdesc	???
#sau	???
#home	???
#dsdmx	???
#osp	???
#function	???
#wb	???
#uto	???
#htthttp	???
#diff	???
#scobvo	???
#times	???
#multext	???
#databases	???
#ols	???
#sequence	???
#newsletter	???
#owll	???
#royalvegas	???
#trons	???
#xrg	???
#owlp	???
#wgs94	???
#vocabulary	???
#whiskey	???
#tx	???
#integer	???
#geontolo	???
#refs	???
#pic	???
#ego	???
#dbk	???
#dogont	???
#historic	???
#inkedct	???
#calandat	???
#subclassof	???
#punkt	???
#placs	???
#foaf2	???
#csp	???
#posm	???
#oowl	???
#edgar	???
#pnc	???
#twr	???
#dvt	???
#rcc8	???
#bcntransp	???
#pbcore	???
#paw	???
#azd	???
#dctermrs	???
#teacher	???
#asturias	???
#ouilyktjhg	???
#xcri	???
#dcm	???
#bibi	???
#sadiont	???
#uv	???
#xmprights	???
#parl	???
#skosx	???
#xskos	???
#skxl	???
#kwa	???
#airp	???
#cust	???
#wgs804	???
#wgs908	???
#rescon	???
#foan	???
#xsd2	???
#lingvoh	???
#rdsfs	???
#towel	???
#bounce	???
#siocaccess	???
#evnt	???
#ergo	???
#el	???
#pointers	???
#change	???
#measure	???
#wn16	???
#dawg	???
#mirko	???
#sfn	???
#cy	???
#prt	???
#webb	???
#eng	???
#sccb	???
#cursi	???
#tgn	???
#hardware	???
#mx	???
#dbml	???
#cupidon	???
#dgp32	???
#adsf	???
#swot	???
#xsp	???
#ocube	???
#avio	???
#programme	???
#breakfast	???
#reve	???
#ufo	???
#slowfood	???
#wwf	???
#opening	???
#cad	???
#rb	???
#msg0	???
#twcid	???
#polla	???
#dei	???
#cites	???
#dbppro	???
#lanng	???
#topconcept	???
#plus	???
#soa	???
#al	???
#dbres	???
#ekos	???
#gtalk	???
#redfs	???
#traffic	???
#vk	???
#cimom	???
#jun	???
#top100	???
#non	???
#fear	???
#ign	???
#srcsp	???
#ecbstats	???
#marc21	???
#edns	???
#az	???
#ese	???
#prolog	???
#ae	???
#sa	???
#occ	???
#vswp	???
#dvo	???
#acces	???
#agnt	???
#srtag	???
#areal	???
#uvr	???
#xiz	???
#dbpemeshr	???
#akoma	???
#demography	???
#cea	???
#special	???
#moa	???
#context	???
#ydrugbank	???
#xmnls	???
#abbr	???
#examp	???
#gprog	???
#tgp	???
#geostat	???
#sparqlres	???
#relational	???
#determs	???
#gob2r	???
#whisky	???
#lms	???
#univ	???
#gbowl	???
#bibilo	???
#iri	???
#bcnbioleg	???
#pnt	???
#jabberd	???
#xlt	???
#xlp	???
#err	???
#meeing	???
#pad	???
#rosm	???
#employer	???
#freeclass	???
#eclassowl	???
#janus	???
#sxl	???
#foafisbd	???
#gandhi	???
#infy	???
#dbpediaont	???
#urc	???
#hassan	???
#foafgml	???
#openk	???
#dol	???
#cgo	???
#csbc	???
#coche	???
#osgeo	???
#owlapi	???
#kasabi	???
#ns3	???
#look	???
#iden	???
#rdfatom	???
#gwas	???
#transna	???
#padfile	???
#argot	???
#factforge	???
#spso	???
#pref	???
#distance	???
#route	???
#ciu	???
#tegs	???
#bb	???
#callto	???
#sms	???
#subtype	???
#bestbuy	???
#sprel	???
#snomedct	???
#bike	???
#gwp	???
#opc	???
#fghyrrrr	???
#erlangen	???
#rdfmao	???
#eth	???
#commercew	???
#reactome	???
#pathway	???
#rent	???
#sao	???
#fbml	???
#w3	???
#anep	???
#orphanet	???
#expense	???
#rvoid	???
#rdfffff	???
#rawmat	???
#tourexp	???
#swo	???
#iso3166	???
#dbol	???
#reating	???
#refarea	???
#socamn3	???
#sdo	???
#ssnx	???
#swanrel	???
#uml	???
#mt	???
#rank	???
#do	???
#prvfiles	???
#ipam	???
#workswith	???
#attrib	???
#su	???
#nm	???
#ien	???
#sch	???
#pni	???
#ccmbg	???
#sz	???
#ag	???
#wbfd	???
#ootb	???
#bmx	???
#meida	???
#ldif	???
#o2	???
#powder311	???
#asdfadfasf	???
#ub	???
#bloo	???
#death	???
#gh	???
#pdrugbank	???
#dxsd	???
#mns	???
#analyzis	???
#drugban	???
#nam	???
#opencalais	???
#ebu	???
#vector	???
#preif	???
#gender	???
#hybrid	???
#lexivo	???
#admingo	???
#football	???
#dbpowl	???
#abbre	???
#signup	???
#xp	???
#taxon	???
#page24	???
#wifi	???
#genont	???
#geontolog	???
#sdd	???
#tna	???
#reeglee	???
#stri	???
#dbpro	???
#computers	???
#fooaf	???
#iso639a2	???
#display	???
#jsp	???
#residence	???
#spre	???
#odc	???
#contrary	???
#test123	???
#mms	???
#kk	???
#rlz	???
#found	???
#geors	???
#sun	???
#ccs	???
#ulb	???
#mec	???
#infoiasi	???
#uvn	???
#foaff	???
#uk	???
#ieee	???
#prim	???
#oxp	???
#ggl	???
#gvcard	???
#inria	???
#gengui	???
#dbresource	???
#viso	???
#locgov	???
#marcxml	???
#marc	???
#sap	???
#spdy	???
#spotify	???
#iosbd	???
#int	???
#exalemp	???
#hallo	???
#osi	???
#rdy	???
#cka	???
#cadarn	???
#cim	???
#skossparql	???
#mmosa	???
#iso15926	???
#role	???
#roles	???
#iso159262	???
#chm	???
#junct	???
#ipads	???
#gomez	???
#dfki	???
#iati	???
#kupo	???
#sdghcg	???
#furmiture	???
#joe	???
#judo	???
#fvoid	???
#ketut	???
#debpedia	???
#marker	???
#olcd	???
#faf	???
#ded	???
#ed	???
#jf	???
#pao	???
#ebay	???
#xxd	???
#brrge	???
#brreg	???
#kunnat	???
#bdpedia	???
#sdfgsd	???
#steelcase	???
#mondial	???
#frad	???
#va	???
#logistic	???
#fgteedc	???
#tns	???
#tms	???
#da	???
#discipline	???
#colorspace	???
#smail	???
#ews	???
#psys	???
#starttime	???
#strategies	???
#decision	???
#issues	???
#arc	???
#nc	???
#lau	???
#skovo	???
#cvs	???
#rinkan	???
#pin	???
#dcprop	???
#dsioc	???
#expath	???
#path	???
#smil	???
#thes	???
#viscube	???
#damnl	???
#bcn	???
#ges	???
#uvc	???
#diavge	???
#wac	???
#rpg	???
#com71	???
#fben	???
#opmo	???
#dcter	???
#owk	???
#idat	???
#gnf	???
#rdagr	???
#rdrelrdrel	???
#modified	???
#uid	???
#fco	???
#pico	???
#schmema	???
#created	???
#aeo	???
#hr	???
#aydos	???
#rgn	???
#region	???
#rdfsank	???
#typet	???
#demo	???
#changelog	???
#train	???
#ka	???
#know	???
#aemet	???
#activity	???
#protonext	???
#nms	???
#cellus	???
#vect	???
#mpub	???
#oi	???
#of	???
#guild	???
#jsf	???
#html5	???
#ciph	???
#mpeg	???
#even	???
#sparqlhttp	???
#exc	???
#gooddata	???
#vin	???
#rsql	???
#dmoz	???
#pv	???
#medicare	???
#cion	???
#pito	???
#hotels	???
#maniac	???
#wgs83	???
#cnid	???
#jmv	???
#datafq	???
#relation	???
#dbsnp	???
#oagis	???
#icaltzid	???
#junc	???
#rdfmap	???
#count	???
#catalog	???
#jp	???
#geofla	???
#doinowl	???
#sdtm	???
#render	???
#di	???
#mdl	???
#rdv	???
#vocabs	???
#eures	???
#competitio	???
#located	???
#mdt	???
#envo	???
#foalocf	???
#iso6392	???
#indiaa	???
#gratis	???
#ldapi	???
#iscity	???
#geography	???
#hvor	???
#feed	???
#snv	???
#land	???
#spatrel	???
#klo	???
#dataset	???
#conversin	???
#scor	???
#diavg	???
#diavgei	???
#shit	???
#szotten	???
#wsperson	???
#maf	???
#import	???
#stories	???
#wd	???
#heml	???
#juan	???
#geonmaes	???
#ontogeo	???
#bco	???
#rdffile	???
#scl	???
#infodata	???
#europe	???
#redrel	???
#horst	???
#hnaa	???
#uniclass	???
#filename	???
#gps	???
#guo	???
#att	???
#eurovoc	???
#gro	???
#koc	???
#frap	???
#radatana	???
#aws	???
#em	???
#blo	???
#oboecore	???
#practical	???
#cdisc	???
#proto	???
#tmp	???
#ur	???
#sn	???
#bruno	???
#citizen	???
#epterms	???
#degois	???
#foqf	???
#ddd	???
#tenant	???
#scolom	???
#slom	???
#mart	???
#dbmeshr	???
#owlmeshr	???
#gbank	???
#spatialr	???
#dpll	???
#ifc	???
#occupation	???
#mfg	???
#radion	???
#ite	???
#hashecs	???
#token	???
#pmid	???
#deb	???
#foafp	???
#sdrugbank	???
#skdrugbank	???
#la	???
#enakting	???
#wish	???
#resilience	???
#drugb	???
#na	???
#mediatype	???
#sandeep	???
#social	???
#scms	???
#lod2prov	???
#scinets	???
#tipjar	???
#null	???
#foafdc	???
#dasdfadsfc	???
#pre	???
#employee	???
#actor	???
#ns7	???
#pattern	???
#bcnleg	???
#gooddate	???
#ida	???
#hrc	???
#swa	???
#allie	???
#ccpp	???
#poi	???
#furniture	???
#yao	???
#phenonet	???
#dw	???
#hdt	???
#cou	???
#opl	???
#regular	???
#dboedia	???
#nick	???
#updates	???
#diferent	???
#withdraw	???
#locn	???
#asdfadsf	???
#wbd	???
#cf	???
#diav	???
#diavgeia	???
#scoc	???
#idata	???
#cta	???
#humain	???
#foredrelaf	???
#document	???
#rdavocab	???
#masta	???
#argument	???
#biotop	???
#pippo	???
#collection	???
#ead	???
#ghsrthydt	???
#wkpedia	???
#dbmedia	???
#ppmo	???
#novel	???
#euraxess	???
#religion	???
#hosp	???
#slo	???
#dewey	???
#rfoaf	???
#ovoc	???
#dmeshr	???
#owmeshr	???
#rdrugbank	???
#rddrugbank	???
#rdfsnk	???
#rdfsk	???
#rugbank	???
#ugbank	???
#bank	???
#ank	???
#nk	???
#dterms	???
#dterm	???
#labelhttp	???
#bnf	???
#akomantoso	???
#climate	???
#var1rdf	???
#building	???
#oxpoints	???
#ask	???
#version	???
#virtuemart	???
#pla	???
#hotspots	???
#gsol	???
#dmci	???
#museum	???
#ned	???
#spdx	???
#swcs	???
#skosxk	???
#dbbpedia	???
#pet	???
#ecrm	???
#rdss	???
#security	???
#umbl	???
#xodx	???
#repo	???
#bowdnntcz	???
#ydc	???
#bugzilla	???
#cm	???
#prospect	???
#sadi	???
#ets	???
#pff	???
#dcelem	???
#foafpowder	???
#metalatex	???
#patient	???
#rdls	???
#pgr	???
#tac	???
#uac	???
#ocre	???
#msh	???
#owlrdfs	???
#lexevo	???
#dgu	???
#calc	???
#ouco	???
#puco	???
#jd	???
#exterms	???
#neogeo	???
#glont	???
#wn20s	???
#geof	???
#ns8	???
#devices	???
#umls	???
#floss	???
#complang	???
#datafqs	???
#fbk	???
#t2flow	???
#gg	???
#mg	???
#admitted	???
#maintain	???
#gay	???
#forge	???
#dtp	???
#anf	???
#polic	???
#pupp	???
#owel	???
#opme	???
#owner	???
#doad	???
#meducator	???
#generation	???
#kilo	???
#apt	???
#lscom	???
#fea	???
#yyttrrddcx	???
#ccns	???
#tdfs	???
#wkoedia	???
#free	???
#novels	???
#frbrc	???
#siocfoaf	???
#swrs	???
#iirbbhyh	???
#action	???
#drugba	???
#dr	???
#itsrdf	???
#value	???
#exercise	???
#dcx	???
#lod2proc	???
#yo	???
#scip	???
#seas	???
#wurst	???
#cornetto	???
#ffffff	???
#basic	???
#igdo	???
#vco	???
#ocse	???
#schmea	???
#eec	???
#spf	???
#isig	???
#uia	???
#emf	???
#veterinary	???
#xrdfs	???
#inndeling	???
#entry	???
#consumo	???
#wf4ever	???
#wedding	???
#wed	???
#namespace	???
#qbjs	???
#ghodata	???
#issue	???
#defect	???
#itunes	???
#pceu	???
#atompub	???
#hy	???
#brid	???
#yahoo	???
#ookook	???
#uberon	???
#obouberon	???
#ile	???
#utility	???
#wbld	???
#rojas	???
#conomun	???
#sbb	???
#architect	???
#soccer	???
#scube	???
#fy	???
#efn	???
#oxford	???
#senti	???
#sentinet	???
#sentiword	???
#nazi	???
#audit	???
#survey	???
#quest	???
#creater	???
#stahub	???
#mar	???
#coun	???
#bift	???
#bit	???
#boprasldal	???
#tprov	???
#dcatfoaf	???
#glottlog	???
#frber	???
#ifla	???
#akos	???
#lod2p	???
#bpel	???
#populair	???
#opta	???
#dolmen	???
#mycool	???
#yesterday	???
#float	???
#srs	???
#swiftowlim	???
#hastag	???
#didl	???
#profile	???
#lg	???
#ietf	???
#hpsg	???
#about	???
#vios	???
#rqb	???
#git	???
#janze	???
#dia	???
#vidont	???
#twit	???
#epistem	???
#apazcqpsmf	???
#dragro	???
#cpanel	???
#dex	???
#biolod	???
#length	???
#cn	???
#wwe	???
#openimpact	???
#tfs	???
#gis	???
#erp	???
#ripple	???
#owlt	???
#lccn	???
#labe	???
#youtob	???
#bz	???
#ssd	???
#boo	???
#prel	???
#reg	???
#amo	???
#nanopub	???
#s4ax	???
#vec	???
#xml2	???
#geolat	???
#orca	???
#inurl	???
#videont	???
#pd	???
#birth	???
#argus	???
#cars	???
#montclair	???
#golf	???
#lottery	???
#ddisc	???
#car	???
#seebi	???
#rov	???
#credit	???
#wellness	???
#e	???
#olodac	???
#oai	???
#foafmailto	???
#lcs	???
#datapedia	???
#bidon	???
#blterms	???
#redcterms	???
#blogs	???
#horoscopes	???
#warriors	???
#promotion	???
#disulflid	???
#dob	???
#owrc	???
#subscribe	???
#poli	???
#holst	???
#ids	???
#other	???
#cso	???
#newark	???
#raiders	???
#athletics	???
#editorial	???
#berkeley	???
#hayward	???
#ddid	???
#ddis	???
#fremont	???
#california	???
#services	???
#scoreboard	???
#oakland	???
#alameda	???
#opinion	???
#giants	???
#lexovo	???
#piedmont	???
#letters	???
#talkback	???
#albany	???
#columns	???
#hotjobs	???
#cooking	???
#plant	???
#planttype	???
#scrum	???
#regorg	???
#rorg	???
#noa	???
#yso	???
#dcndl	???
#frbrer	???
#park	???
#grg	???
#pricepaid	???
#fee	???
#netflix	???
#delta	???
#section	???
#cmis	???
#zthes	???
#scloud	???
#sfl	???
#wml2	???
#lpr	???
#spr	???
#prdfs	???
#u	???
#m	???
#reverse	???
#latest	???
#sdfgdfg	???
#owlfoaf	???
#sharks	???
#w3pglue	???
#fg	???
#regord	???
#reor	???
#rego	???
#ror	???
#gtfs	???
#share	???
#public	???
#inst	???
#od	???
#sioce	???
#ondoc	???
#onki	???
#xnd	???
#ii	???
#ndl	???
#kmm	???
#movies	???
#birthdate	???
#scrapboo	???
#oh	???
#actors	???
#calendat	???
#annotation	???
#rdvicab	???
#sviwi	???
#president	???
#frbrifla	???
#dm2e	???
#para	???
#exproducts	???
#dbop	???
#basekb	???
#bk	???
#sckos	???
#digital	???
#b2b	???
#seatgeek	???
#swportal	???
#crime	???
#hydra	???
#kegperson	???
#mio	???
#regex	???
#filter	???
#pe	???
#rdfspeople	???
#goods	???
#ch	???
#gfgrstdgr	???
#ibo	???
#pbp	???
#edi	???
#cyr	???
#s11	???
#genealogy	???
#subj	???
#qp	???
#qpqb	???
#osnp	???
#garden	???
#sentiment	???
#adasd	???
#campus	???
#bcnses	???
#cp	???
#aapl	???
#rdfns	???
#paon	???
#street	???
#cost	???
#currancy	???
#geosciml	???
#rpi	???
#twc	???
#gcis	???
#facet	???
#euets	???
#vdt	???
#ldp	???
#pubsub	???
#ogo	???
#fcv	???
#futurios	???
#good	???
#physician	???
#doctor	???
#xray	???
#bread	???
#bakery	???
#derbi	???
#why	???
#drupal	???
#et	???
#dms	???
#recshop	???
#d4	???
#statut	???
#asdaasd	???
#pak	???
#pfm	???
#skoso	???
#nof	???
#sbml	???
#tib	???
#pas	???
#fff	???
#oro	???
#algorithm	???
#art	???
#aesthetics	???
#fbs	???
#rdfsd	???
#researcher	???
#cr	???
#jim	???
#sass	???
#syntsem	???
#moncul	???
#owltimeb	???
#owltim	???
#edn	???
#ehs	???
#agr	???
#institute	???
#spo	???
#quaff	???
#theorem	???
#proof	???
#articlee	???
#atc	???
#atcc	???
#qkoq	???
#xdf	???
#dmo	???
#ftid	???
#lsch	???
#odn	???
#pml3	???
#sailing	???
#ffo	???
#agd	???
#mat	???
#wom	???
#lmd	???
#wml	???
#osspr	???
#osadm	???
#lingvo	???
#oscar	???
#wwmm	???
#mis	???
#council	???
#cores	???
#journey	???
#lnpr	???
#cts	???
#tb	???
#wsx	???
#musicbrain	???
#warning	???
#alt	???
#yt	???
#vimeo	???
#libre	???
#cdt	???
#swcr	???
#innovation	???
#fraud	???
#srv	???
#carto	???
#datalift	???
#admi	???
#d2rs	???
#fioaf	???
#asp	???
#dialogue	???
#icao	???
#model	???
#aircraft	???
#acft	???
#anyth	???
#irp	???
#ng	???
#sens	???
#kapoor	???
#corp	???
#pufi	???
#ggggg	???
#xtramath	???
#industry	???
#coord	???
#mall	???
#shopping	???
#ageo	???
#ddirdf	???
